storm_id,valid_time,forecast_time,ai-wind,wind_truth,ai-lat,lat_truth,ai-long,long_truth,lat_valid,long_valid
ARTHUR-2020-1,2020-05-16 03:00:00,2020-05-17 03:00:00,33.885067105293300,35.0,29.060554742848900,29.3223,-76.14865057051180,-77.7925,25.3199,-79.8273
ARTHUR-2020-1,2020-05-16 03:00:00,2020-05-18 03:00:00,31.358139216899900,40.0,30.824944312399600,32.4189,-74.77811802566050,-76.9319,25.3199,-79.8273
ARTHUR-2020-1,2020-05-16 03:00:00,2020-05-19 03:00:00,30.352180302143100,50.0,32.54818642876150,36.5392,-69.84054254859690,-72.3764,25.3199,-79.8273
ARTHUR-2020-1,2020-05-16 06:00:00,2020-05-17 06:00:00,33.92206013202670,35.0,29.27889759719370,29.7,-75.97185343563560,-77.7,25.8000,-79.6000
ARTHUR-2020-1,2020-05-16 06:00:00,2020-05-18 06:00:00,31.519049406051600,40.0,30.943764778453100,33.1333,-74.53356372475630,-76.7667,25.8000,-79.6000
ARTHUR-2020-1,2020-05-16 06:00:00,2020-05-19 06:00:00,30.63895493745800,50.0,32.60236650157570,36.8,-69.61140886574980,-71.5,25.8000,-79.6000
ARTHUR-2020-1,2020-05-16 09:00:00,2020-05-17 09:00:00,34.31044399738310,35.0,29.605305797833200,30.0075,-75.81428812205790,-77.54,26.3349,-79.3997
ARTHUR-2020-1,2020-05-16 09:00:00,2020-05-18 09:00:00,31.63769692182540,42.0,31.310208128726500,33.8751,-74.33639674454930,-76.3567,26.3349,-79.3997
ARTHUR-2020-1,2020-05-16 09:00:00,2020-05-19 09:00:00,29.77026343345640,52.0,32.92906016753320,36.8951,-69.68593295812610,-70.5089,26.3349,-79.3997
ARTHUR-2020-1,2020-05-16 12:00:00,2020-05-17 12:00:00,34.883167147636400,35.0,30.102418369442200,30.3,-75.79699486583470,-77.4,26.9000,-79.2000
ARTHUR-2020-1,2020-05-16 12:00:00,2020-05-18 12:00:00,31.27190798521040,45.0,31.982071367174400,34.5667,-74.436957257092,-75.8,26.9000,-79.2000
ARTHUR-2020-1,2020-05-16 12:00:00,2020-05-19 12:00:00,28.88546347618100,55.0,33.49279505507950,36.9,-69.88303558111190,-69.5,26.9000,-79.2000
ARTHUR-2020-1,2020-05-16 15:00:00,2020-05-17 15:00:00,35.1434451341629,37.0,30.80476028096680,30.6349,-75.87904247432950,-77.3496,27.4649,-78.9723
ARTHUR-2020-1,2020-05-16 15:00:00,2020-05-18 15:00:00,31.633380353450800,45.0,32.632296023386700,35.1263,-74.6482498624921,-75.2344,27.4649,-78.9723
ARTHUR-2020-1,2020-05-16 15:00:00,2020-05-19 15:00:00,29.973961114883400,55.0,34.090484758770500,36.8982,-69.95377515494820,-68.5722,27.4649,-78.9723
ARTHUR-2020-1,2020-05-16 18:00:00,2020-05-17 18:00:00,35.55690675973890,40.0,31.468967292916800,31.0,-75.88231527447700,-77.3,28.0000,-78.7200
ARTHUR-2020-1,2020-05-16 18:00:00,2020-05-18 18:00:00,32.94697970151900,45.0,33.352784817385700,35.5667,-74.52943073540930,-74.6,28.0000,-78.7200
ARTHUR-2020-1,2020-05-16 18:00:00,2020-05-19 18:00:00,31.864982843399000,55.0,34.88664364140030,36.9,-69.45931548565630,-67.7,28.0000,-78.7200
ARTHUR-2020-1,2020-05-16 21:00:00,2020-05-17 21:00:00,37.1986386179924,40.0,32.07191593670250,31.3525,-75.65390364825730,-77.16,28.4670,-78.3164
ARTHUR-2020-1,2020-05-16 21:00:00,2020-05-18 21:00:00,35.06586939096450,47.0,34.15453010849950,35.9129,-73.76991192668680,-73.9172,28.4670,-78.3164
ARTHUR-2020-1,2020-05-17 00:00:00,2020-05-18 00:00:00,38.12892258167270,40.0,32.35271969158650,31.8,-75.27088871032000,-77.0,28.9000,-77.9500
ARTHUR-2020-1,2020-05-17 00:00:00,2020-05-19 00:00:00,35.78137010335920,50.0,34.42759985342030,36.2,-73.06098417252300,-73.1667,28.9000,-77.9500
ARTHUR-2020-1,2020-05-17 03:00:00,2020-05-18 03:00:00,37.60018453001980,40.0,32.45766669875380,32.4189,-74.83387021541600,-76.9319,29.3223,-77.7925
ARTHUR-2020-1,2020-05-17 03:00:00,2020-05-19 03:00:00,35.6279182434082,50.0,34.05881911001210,36.5392,-72.77787518709900,-72.3764,29.3223,-77.7925
ARTHUR-2020-1,2020-05-17 06:00:00,2020-05-18 06:00:00,38.797433227300600,40.0,32.500467828416800,33.1333,-74.47741754323250,-76.7667,29.7000,-77.7000
ARTHUR-2020-1,2020-05-17 06:00:00,2020-05-19 06:00:00,38.59239801764490,50.0,34.20422129752640,36.8,-71.60086637586360,-71.5,29.7000,-77.7000
ARTHUR-2020-1,2020-05-17 09:00:00,2020-05-18 09:00:00,41.18894889950750,42.0,32.6228383318305,33.8751,-73.74393515467650,-76.3567,30.0075,-77.5400
ARTHUR-2020-1,2020-05-17 09:00:00,2020-05-19 09:00:00,41.85080476105210,52.0,34.56687581520080,36.8951,-70.28544715762140,-70.5089,30.0075,-77.5400
ARTHUR-2020-1,2020-05-17 12:00:00,2020-05-18 12:00:00,42.29861564934250,45.0,32.6064322433114,34.5667,-73.8152303981781,-75.8,30.3000,-77.4000
ARTHUR-2020-1,2020-05-17 12:00:00,2020-05-19 12:00:00,41.49718277156350,55.0,34.33435925779340,36.9,-70.904745708704,-69.5,30.3000,-77.4000
ARTHUR-2020-1,2020-05-17 15:00:00,2020-05-18 15:00:00,40.79924359917640,45.0,32.22880440855030,35.1263,-74.57866087019440,-75.2344,30.6349,-77.3496
ARTHUR-2020-1,2020-05-17 15:00:00,2020-05-19 15:00:00,39.707719534635500,55.0,33.42731848958730,36.8982,-72.37772396177050,-68.5722,30.6349,-77.3496
ARTHUR-2020-1,2020-05-17 18:00:00,2020-05-18 18:00:00,41.632256135344500,45.0,32.112578798902000,35.5667,-74.77613236993550,-74.6,31.0000,-77.3000
ARTHUR-2020-1,2020-05-17 18:00:00,2020-05-19 18:00:00,40.655384212732300,55.0,33.27630655854940,36.9,-72.36725884974000,-67.7,31.0000,-77.3000
ARTHUR-2020-1,2020-05-17 21:00:00,2020-05-18 21:00:00,42.48340331017970,47.0,32.265000944167400,35.9129,-74.44749771416190,-73.9172,31.3525,-77.1600
ARTHUR-2020-1,2020-05-18 00:00:00,2020-05-19 00:00:00,42.65428103506570,50.0,32.53456032129530,36.2,-74.41884776294230,-73.1667,31.8000,-77.0000
ARTHUR-2020-1,2020-05-18 03:00:00,2020-05-19 03:00:00,43.33285499364140,50.0,33.093347402608400,36.5392,-74.50611458510160,-72.3764,32.4189,-76.9319
ARTHUR-2020-1,2020-05-18 06:00:00,2020-05-19 06:00:00,43.06867964565750,50.0,33.74939648470880,36.8,-74.06887790352110,-71.5,33.1333,-76.7667
ARTHUR-2020-1,2020-05-18 09:00:00,2020-05-19 09:00:00,41.746421456337000,52.0,34.43054473541980,36.8951,-73.06351137071850,-70.5089,33.8751,-76.3567
ARTHUR-2020-1,2020-05-18 12:00:00,2020-05-19 12:00:00,42.23657928407190,55.0,35.48407199264770,36.9,-72.25433076292280,-69.5,34.5667,-75.8000
ARTHUR-2020-1,2020-05-18 15:00:00,2020-05-19 15:00:00,42.60834753513340,55.0,36.63775168423650,36.8982,-71.77571866691110,-68.5722,35.1263,-75.2344
ARTHUR-2020-1,2020-05-18 18:00:00,2020-05-19 18:00:00,43.861907199025200,55.0,37.55842944959400,36.9,-70.48881126731640,-67.7,35.5667,-74.6000
BERTHA-2020-2,2020-05-26 09:00:00,2020-05-27 09:00:00,29.647470116615300,42.0,27.46501829779150,32.0293,-81.27260926902300,-78.9674,27.9924,-80.9450
BERTHA-2020-2,2020-05-26 09:00:00,2020-05-28 09:00:00,29.847975969314600,20.0,28.14737219221590,38.2876,-83.10866113960740,-80.9654,27.9924,-80.9450
BERTHA-2020-2,2020-05-26 12:00:00,2020-05-27 12:00:00,30.06359964609150,45.0,28.359515704369500,32.6,-81.06719671607020,-79.4,28.5000,-81.0000
BERTHA-2020-2,2020-05-26 12:00:00,2020-05-28 12:00:00,29.24653172492980,20.0,29.273858006471400,39.5,-82.8130637139082,-80.5,28.5000,-81.0000
BERTHA-2020-2,2020-05-26 15:00:00,2020-05-27 15:00:00,30.724233090877500,37.0,29.410777907085400,33.0818,-80.79925719857220,-79.8573,28.9224,-80.9950
BERTHA-2020-2,2020-05-26 18:00:00,2020-05-27 18:00:00,31.484933495521500,30.0,30.28355194745060,33.6,-80.43824772119520,-80.2,29.3000,-80.9000
BERTHA-2020-2,2020-05-26 21:00:00,2020-05-27 21:00:00,32.61440724134450,27.0,30.82430726581810,34.2171,-80.15047990083700,-80.253,29.6042,-80.8106
BERTHA-2020-2,2020-05-27 00:00:00,2020-05-28 00:00:00,33.810186088085200,25.0,30.987924007421700,35.0,-79.62384633004670,-80.3,30.0000,-80.5000
BERTHA-2020-2,2020-05-27 03:00:00,2020-05-28 03:00:00,35.06789445877080,22.0,31.067823183065700,35.9758,-78.62837354272610,-80.7468,30.6649,-79.6374
BERTHA-2020-2,2020-05-27 06:00:00,2020-05-28 06:00:00,36.392718851566300,20.0,31.564280040061500,37.1,-77.23120495676990,-81.1,31.4000,-78.9000
BERTHA-2020-2,2020-05-27 09:00:00,2020-05-28 09:00:00,38.50694462656980,20.0,32.27846137285230,38.2876,-76.33732710659500,-80.9654,32.0293,-78.9674
BERTHA-2020-2,2020-05-27 12:00:00,2020-05-28 12:00:00,40.266125947237000,20.0,33.54012162675860,39.5,-75.16169962108140,-80.5,32.6000,-79.4000
AMANDA:CRISTOBAL-2020-3,2020-06-02 09:00:00,2020-06-03 09:00:00,36.90300911664960,50.0,22.977534807233500,18.915,-86.13744381964210,-92.1001,19.6108,-92.2408
AMANDA:CRISTOBAL-2020-3,2020-06-02 09:00:00,2020-06-04 09:00:00,35.758264660835300,32.0,26.720114051842700,17.7967,-84.92004692792890,-91.35,19.6108,-92.2408
AMANDA:CRISTOBAL-2020-3,2020-06-02 09:00:00,2020-06-05 09:00:00,36.14814519882200,30.0,32.23775806325080,18.905,-76.62575105667120,-90.0807,19.6108,-92.2408
AMANDA:CRISTOBAL-2020-3,2020-06-02 09:00:00,2020-06-06 09:00:00,34.99311983585360,42.0,38.51083197914360,23.4883,-67.94059808462860,-90.1386,19.6108,-92.2408
AMANDA:CRISTOBAL-2020-3,2020-06-02 09:00:00,2020-06-07 09:00:00,31.300836503505700,45.0,44.83675431492330,27.5517,-60.437989429682500,-89.9786,19.6108,-92.2408
AMANDA:CRISTOBAL-2020-3,2020-06-02 12:00:00,2020-06-03 12:00:00,39.166763573885000,50.0,22.892461086554800,18.8,-85.90977936506270,-92.1,19.5667,-92.4333
AMANDA:CRISTOBAL-2020-3,2020-06-02 12:00:00,2020-06-04 12:00:00,38.72126653790470,30.0,27.049884053856100,17.6333,-84.50814815521240,-91.2,19.5667,-92.4333
AMANDA:CRISTOBAL-2020-3,2020-06-02 12:00:00,2020-06-05 12:00:00,37.79952719807630,30.0,32.722192707836600,19.5333,-76.16084077000620,-89.9667,19.5667,-92.4333
AMANDA:CRISTOBAL-2020-3,2020-06-02 12:00:00,2020-06-06 12:00:00,34.936503767967200,45.0,38.952509830641700,23.8,-67.75245681226250,-90.1,19.5667,-92.4333
AMANDA:CRISTOBAL-2020-3,2020-06-02 12:00:00,2020-06-07 12:00:00,30.25555819273000,45.0,45.203940497291100,28.2,-60.03441863834860,-89.9,19.5667,-92.4333
AMANDA:CRISTOBAL-2020-3,2020-06-02 15:00:00,2020-06-03 15:00:00,43.73344246298080,47.0,23.140846637652800,18.5925,-85.64920796453950,-92.0074,19.3808,-92.6268
AMANDA:CRISTOBAL-2020-3,2020-06-02 15:00:00,2020-06-04 15:00:00,44.28722262382510,30.0,27.52903097846510,17.5816,-84.15421797215940,-91.0575,19.3808,-92.6268
AMANDA:CRISTOBAL-2020-3,2020-06-02 15:00:00,2020-06-05 15:00:00,42.03371934592720,32.0,33.28159738986490,20.1492,-76.12287000954150,-89.7938,19.3808,-92.6268
AMANDA:CRISTOBAL-2020-3,2020-06-02 15:00:00,2020-06-06 15:00:00,37.08484590053560,45.0,39.42045826973920,24.2225,-67.66780979990960,-90.1473,19.3808,-92.6268
AMANDA:CRISTOBAL-2020-3,2020-06-02 15:00:00,2020-06-07 15:00:00,30.245310366153700,45.0,45.438953903937300,28.5658,-60.269372725486800,-89.8756,19.3808,-92.6268
AMANDA:CRISTOBAL-2020-3,2020-06-02 18:00:00,2020-06-03 18:00:00,46.58006452023980,45.0,23.046606913413100,18.4,-85.52207262873650,-91.9,19.2000,-92.7000
AMANDA:CRISTOBAL-2020-3,2020-06-02 18:00:00,2020-06-04 18:00:00,46.94083012640480,30.0,27.37422088081240,17.6,-84.345789013505,-90.9,19.2000,-92.7000
AMANDA:CRISTOBAL-2020-3,2020-06-02 18:00:00,2020-06-05 18:00:00,43.74464191496370,35.0,32.923047505658900,20.8,-76.3839782434702,-89.7,19.2000,-92.7000
AMANDA:CRISTOBAL-2020-3,2020-06-02 18:00:00,2020-06-06 18:00:00,37.33017683029180,45.0,38.73110075209140,24.7,-68.34026898533110,-90.2,19.2000,-92.7000
AMANDA:CRISTOBAL-2020-3,2020-06-02 18:00:00,2020-06-07 18:00:00,30.793541371822400,45.0,44.75798299952750,28.8667,-61.3285701495409,-89.8667,19.2000,-92.7000
AMANDA:CRISTOBAL-2020-3,2020-06-02 21:00:00,2020-06-03 21:00:00,46.74290008842950,42.0,22.863134969976500,18.3425,-85.51082424223420,-91.8576,19.1876,-92.5350
AMANDA:CRISTOBAL-2020-3,2020-06-02 21:00:00,2020-06-04 21:00:00,47.488190084695800,30.0,26.86392867882850,17.5975,-84.32737029075620,-90.6999,19.1876,-92.5350
AMANDA:CRISTOBAL-2020-3,2020-06-02 21:00:00,2020-06-05 21:00:00,44.02178328484300,37.0,32.03067436552050,21.5225,-76.6059400203824,-89.8168,19.1876,-92.5350
AMANDA:CRISTOBAL-2020-3,2020-06-02 21:00:00,2020-06-06 21:00:00,38.71942475438120,45.0,37.93133427233700,25.1825,-68.80151091039180,-90.1984,19.1876,-92.5350
AMANDA:CRISTOBAL-2020-3,2020-06-02 21:00:00,2020-06-07 21:00:00,33.38314175605770,45.0,44.359534086751900,29.3382,-61.809886033684000,-89.7716,19.1876,-92.5350
AMANDA:CRISTOBAL-2020-3,2020-06-03 00:00:00,2020-06-04 00:00:00,48.56615602970120,40.0,22.492950818394100,18.3,-85.2135221350193,-91.8,19.2000,-92.3000
AMANDA:CRISTOBAL-2020-3,2020-06-03 00:00:00,2020-06-05 00:00:00,48.693916350603100,30.0,26.141404291540400,17.7,-84.04336030423640,-90.5,19.2000,-92.3000
AMANDA:CRISTOBAL-2020-3,2020-06-03 00:00:00,2020-06-06 00:00:00,45.50362262874840,40.0,31.490570872592900,22.2,-76.51754773169760,-90.0,19.2000,-92.3000
AMANDA:CRISTOBAL-2020-3,2020-06-03 00:00:00,2020-06-07 00:00:00,40.80526918172840,45.0,37.98254535027740,25.7,-68.62574192136530,-90.1667,19.2000,-92.3000
AMANDA:CRISTOBAL-2020-3,2020-06-03 00:00:00,2020-06-08 00:00:00,35.47544449567800,45.0,44.74792559745310,29.8,-61.08611138254400,-89.8,19.2000,-92.3000
AMANDA:CRISTOBAL-2020-3,2020-06-03 03:00:00,2020-06-04 03:00:00,49.141274839639700,37.0,22.094147018557800,18.17,-84.71696379244330,-91.665,19.1150,-92.1700
AMANDA:CRISTOBAL-2020-3,2020-06-03 03:00:00,2020-06-05 03:00:00,50.22406607866290,30.0,25.94995973736050,17.9533,-83.61609428286550,-90.3375,19.1150,-92.1700
AMANDA:CRISTOBAL-2020-3,2020-06-03 03:00:00,2020-06-06 03:00:00,47.576609775424000,40.0,31.88455501445530,22.7408,-75.88517524659640,-90.1109,19.1150,-92.1700
AMANDA:CRISTOBAL-2020-3,2020-06-03 03:00:00,2020-06-07 03:00:00,42.78354160487650,45.0,38.56633670437340,26.2392,-67.39978708893060,-90.1266,19.1150,-92.1700
AMANDA:CRISTOBAL-2020-3,2020-06-03 03:00:00,2020-06-08 03:00:00,35.92022627592090,40.0,45.0828394200325,30.0651,-60.072466313540900,-90.1208,19.1150,-92.1700
AMANDA:CRISTOBAL-2020-3,2020-06-03 06:00:00,2020-06-04 06:00:00,51.42737254500390,35.0,22.608050317922200,18.0,-84.12098767042160,-91.5,19.0000,-92.1000
AMANDA:CRISTOBAL-2020-3,2020-06-03 06:00:00,2020-06-05 06:00:00,52.1377868950367,30.0,27.399134924775400,18.3667,-82.28520892560480,-90.2,19.0000,-92.1000
AMANDA:CRISTOBAL-2020-3,2020-06-03 06:00:00,2020-06-06 06:00:00,48.74192029237750,40.0,33.77279841810470,23.1667,-73.6133731892705,-90.1667,19.0000,-92.1000
AMANDA:CRISTOBAL-2020-3,2020-06-03 06:00:00,2020-06-07 06:00:00,41.94199874997140,45.0,40.37415044914480,26.8333,-65.06231790557500,-90.0667,19.0000,-92.1000
AMANDA:CRISTOBAL-2020-3,2020-06-03 06:00:00,2020-06-08 06:00:00,34.72754806280140,35.0,46.88059887406830,30.4,-57.757297692149900,-90.6,19.0000,-92.1000
AMANDA:CRISTOBAL-2020-3,2020-06-03 09:00:00,2020-06-04 09:00:00,51.64118215441700,32.0,23.576243668779700,17.7967,-83.45220626473430,-91.35,18.9150,-92.1001
AMANDA:CRISTOBAL-2020-3,2020-06-03 09:00:00,2020-06-05 09:00:00,52.75114059448240,30.0,28.689361934179100,18.905,-80.72620076477530,-90.0807,18.9150,-92.1001
AMANDA:CRISTOBAL-2020-3,2020-06-03 09:00:00,2020-06-06 09:00:00,48.139087334275200,42.0,34.88184906859400,23.4883,-71.8186810362339,-90.1386,18.9150,-92.1001
AMANDA:CRISTOBAL-2020-3,2020-06-03 09:00:00,2020-06-07 09:00:00,41.38398461043840,45.0,41.31687204859260,27.5517,-63.18196550637480,-89.9786,18.9150,-92.1001
AMANDA:CRISTOBAL-2020-3,2020-06-03 09:00:00,2020-06-08 09:00:00,34.871046245098100,32.0,47.48250910859110,31.0429,-56.20666852757340,-91.131,18.9150,-92.1001
AMANDA:CRISTOBAL-2020-3,2020-06-03 12:00:00,2020-06-04 12:00:00,53.66971135139470,30.0,23.482956791991000,17.6333,-83.34786908209320,-91.2,18.8000,-92.1000
AMANDA:CRISTOBAL-2020-3,2020-06-03 12:00:00,2020-06-05 12:00:00,53.66423964500430,30.0,28.03469428642390,19.5333,-80.97804469823840,-89.9667,18.8000,-92.1000
AMANDA:CRISTOBAL-2020-3,2020-06-03 12:00:00,2020-06-06 12:00:00,48.40856350958350,45.0,33.743682511341600,23.8,-72.701136264503,-90.1,18.8000,-92.1000
AMANDA:CRISTOBAL-2020-3,2020-06-03 12:00:00,2020-06-07 12:00:00,41.67548932135110,45.0,39.58629572927950,28.2,-64.9807930032909,-89.9,18.8000,-92.1000
AMANDA:CRISTOBAL-2020-3,2020-06-03 12:00:00,2020-06-08 12:00:00,35.78626245260240,30.0,45.24609602419140,31.8,-58.10008387297390,-91.6,18.8000,-92.1000
AMANDA:CRISTOBAL-2020-3,2020-06-03 15:00:00,2020-06-04 15:00:00,52.77754247188570,30.0,22.555760577775500,17.5816,-83.64673459887510,-91.0575,18.5925,-92.0074
AMANDA:CRISTOBAL-2020-3,2020-06-03 15:00:00,2020-06-05 15:00:00,53.99060636758800,32.0,26.495461791703100,20.1492,-82.1848116606474,-89.7938,18.5925,-92.0074
AMANDA:CRISTOBAL-2020-3,2020-06-03 15:00:00,2020-06-06 15:00:00,49.83683064579960,45.0,31.550109448337600,24.2225,-75.00679963827130,-90.1473,18.5925,-92.0074
AMANDA:CRISTOBAL-2020-3,2020-06-03 15:00:00,2020-06-07 15:00:00,44.62638379074630,45.0,36.81432170633080,28.5658,-67.58876814454790,-89.8756,18.5925,-92.0074
AMANDA:CRISTOBAL-2020-3,2020-06-03 15:00:00,2020-06-08 15:00:00,39.94941785931590,30.0,41.83906978778840,32.518,-61.26072665065530,-91.8565,18.5925,-92.0074
AMANDA:CRISTOBAL-2020-3,2020-06-03 18:00:00,2020-06-04 18:00:00,52.21320793032650,30.0,22.11603742476260,17.6,-83.8725687968731,-90.9,18.4000,-91.9000
AMANDA:CRISTOBAL-2020-3,2020-06-03 18:00:00,2020-06-05 18:00:00,53.09864044189450,35.0,25.590935374015600,20.8,-83.05798846125600,-89.7,18.4000,-91.9000
AMANDA:CRISTOBAL-2020-3,2020-06-03 18:00:00,2020-06-06 18:00:00,50.520322769880300,45.0,30.210310258609100,24.7,-76.05530905455350,-90.2,18.4000,-91.9000
AMANDA:CRISTOBAL-2020-3,2020-06-03 18:00:00,2020-06-07 18:00:00,46.46258633583780,45.0,34.96549740726950,28.8667,-69.07564284831290,-89.8667,18.4000,-91.9000
AMANDA:CRISTOBAL-2020-3,2020-06-03 18:00:00,2020-06-08 18:00:00,41.832225769758200,30.0,39.88298986830710,33.1667,-62.82154701665040,-91.9667,18.4000,-91.9000
AMANDA:CRISTOBAL-2020-3,2020-06-03 21:00:00,2020-06-04 21:00:00,46.919487342238400,30.0,21.687585484801200,17.5975,-84.04717150747780,-90.6999,18.3425,-91.8576
AMANDA:CRISTOBAL-2020-3,2020-06-03 21:00:00,2020-06-05 21:00:00,48.27113337814810,37.0,24.54657062009280,21.5225,-83.41960069894790,-89.8168,18.3425,-91.8576
AMANDA:CRISTOBAL-2020-3,2020-06-03 21:00:00,2020-06-06 21:00:00,46.44299414008860,45.0,28.468663796502400,25.1825,-76.73094528913500,-90.1984,18.3425,-91.8576
AMANDA:CRISTOBAL-2020-3,2020-06-03 21:00:00,2020-06-07 21:00:00,44.12463370710610,45.0,33.05698285470610,29.3382,-69.79776697218420,-89.7716,18.3425,-91.8576
AMANDA:CRISTOBAL-2020-3,2020-06-03 21:00:00,2020-06-08 21:00:00,41.82654932141300,27.0,37.879280021631700,33.6157,-63.93277411460880,-91.9821,18.3425,-91.8576
AMANDA:CRISTOBAL-2020-3,2020-06-04 00:00:00,2020-06-05 00:00:00,44.91444096900520,30.0,21.229155019445700,17.7,-84.02646103978160,-90.5,18.3000,-91.8000
AMANDA:CRISTOBAL-2020-3,2020-06-04 00:00:00,2020-06-06 00:00:00,45.01005590893330,40.0,23.515284378039800,22.2,-83.57019345700740,-90.0,18.3000,-91.8000
AMANDA:CRISTOBAL-2020-3,2020-06-04 00:00:00,2020-06-07 00:00:00,45.3425217512995,45.0,27.384839879506800,25.7,-77.02291516512630,-90.1667,18.3000,-91.8000
AMANDA:CRISTOBAL-2020-3,2020-06-04 00:00:00,2020-06-08 00:00:00,45.26052505709230,45.0,32.058481176561100,29.8,-70.36335078895090,-89.8,18.3000,-91.8000
AMANDA:CRISTOBAL-2020-3,2020-06-04 00:00:00,2020-06-09 00:00:00,44.34574294835330,25.0,37.0232760964036,34.1,-63.72827433541420,-92.0,18.3000,-91.8000
AMANDA:CRISTOBAL-2020-3,2020-06-04 03:00:00,2020-06-05 03:00:00,40.79307362437250,30.0,20.62712436639560,17.9533,-83.69928776383400,-90.3375,18.1700,-91.6650
AMANDA:CRISTOBAL-2020-3,2020-06-04 03:00:00,2020-06-06 03:00:00,42.509848326444600,40.0,22.758520876041100,22.7408,-83.6007301735878,-90.1109,18.1700,-91.6650
AMANDA:CRISTOBAL-2020-3,2020-06-04 03:00:00,2020-06-07 03:00:00,45.5077264085412,45.0,26.589711627793300,26.2392,-77.41025459438560,-90.1266,18.1700,-91.6650
AMANDA:CRISTOBAL-2020-3,2020-06-04 03:00:00,2020-06-08 03:00:00,47.4773745238781,40.0,31.213819636255500,30.0651,-70.08623801290990,-90.1208,18.1700,-91.6650
AMANDA:CRISTOBAL-2020-3,2020-06-04 03:00:00,2020-06-09 03:00:00,47.34836809337140,25.0,35.93769116175180,34.7653,-63.48342807248240,-92.2251,18.1700,-91.6650
AMANDA:CRISTOBAL-2020-3,2020-06-04 06:00:00,2020-06-05 06:00:00,40.55580899119380,30.0,20.85174079752640,18.3667,-83.59330240845680,-90.2,18.0000,-91.5000
AMANDA:CRISTOBAL-2020-3,2020-06-04 06:00:00,2020-06-06 06:00:00,41.98230005800720,40.0,23.371038441738500,23.1667,-83.44404388546940,-90.1667,18.0000,-91.5000
AMANDA:CRISTOBAL-2020-3,2020-06-04 06:00:00,2020-06-07 06:00:00,44.943823451176300,45.0,27.46432602494960,26.8333,-76.42569741964340,-90.0667,18.0000,-91.5000
AMANDA:CRISTOBAL-2020-3,2020-06-04 06:00:00,2020-06-08 06:00:00,46.507474668324000,35.0,32.099581959670800,30.4,-68.95555070400240,-90.6,18.0000,-91.5000
AMANDA:CRISTOBAL-2020-3,2020-06-04 06:00:00,2020-06-09 06:00:00,46.609844751656100,25.0,36.96482648917440,35.7,-62.234109999090400,-92.4,18.0000,-91.5000
AMANDA:CRISTOBAL-2020-3,2020-06-04 09:00:00,2020-06-05 09:00:00,38.953578025102600,30.0,21.11932184944150,18.905,-83.66197941184050,-90.0807,17.7967,-91.3500
AMANDA:CRISTOBAL-2020-3,2020-06-04 09:00:00,2020-06-06 09:00:00,40.99552050232890,42.0,23.733636566400500,23.4883,-82.91157735288140,-90.1386,17.7967,-91.3500
AMANDA:CRISTOBAL-2020-3,2020-06-04 09:00:00,2020-06-07 09:00:00,44.355973564088300,45.0,27.66971715447310,27.5517,-75.7411594825983,-89.9786,17.7967,-91.3500
AMANDA:CRISTOBAL-2020-3,2020-06-04 09:00:00,2020-06-08 09:00:00,46.79783474653960,32.0,32.2501116332233,31.0429,-68.24493710458280,-91.131,17.7967,-91.3500
AMANDA:CRISTOBAL-2020-3,2020-06-04 09:00:00,2020-06-09 09:00:00,47.63649098575120,25.0,36.88673655693530,37.0617,-62.01708175256850,-92.3005,17.7967,-91.3500
AMANDA:CRISTOBAL-2020-3,2020-06-04 12:00:00,2020-06-05 12:00:00,39.12546560168270,30.0,20.9402411715433,19.5333,-83.45677405774600,-89.9667,17.6333,-91.2000
AMANDA:CRISTOBAL-2020-3,2020-06-04 12:00:00,2020-06-06 12:00:00,40.341977924108500,45.0,23.325091359818000,23.8,-82.60057814538480,-90.1,17.6333,-91.2000
AMANDA:CRISTOBAL-2020-3,2020-06-04 12:00:00,2020-06-07 12:00:00,43.696978725493000,45.0,27.177029684209800,28.2,-75.5791597995162,-89.9,17.6333,-91.2000
AMANDA:CRISTOBAL-2020-3,2020-06-04 12:00:00,2020-06-08 12:00:00,46.29440311342480,30.0,31.52944704859260,31.8,-68.63437677681450,-91.6,17.6333,-91.2000
AMANDA:CRISTOBAL-2020-3,2020-06-04 12:00:00,2020-06-09 12:00:00,47.35194280743600,25.0,36.23933544051650,38.4333,-62.51894721135500,-92.0667,17.6333,-91.2000
AMANDA:CRISTOBAL-2020-3,2020-06-04 15:00:00,2020-06-05 15:00:00,37.875256687402700,32.0,20.384224980340500,20.1492,-83.22843463718890,-89.7938,17.5816,-91.0575
AMANDA:CRISTOBAL-2020-3,2020-06-04 15:00:00,2020-06-06 15:00:00,38.812191635370300,45.0,22.556612501180200,24.2225,-82.6749123054743,-90.1473,17.5816,-91.0575
AMANDA:CRISTOBAL-2020-3,2020-06-04 15:00:00,2020-06-07 15:00:00,41.78693376481530,45.0,26.172710580688700,28.5658,-76.21010700762270,-89.8756,17.5816,-91.0575
AMANDA:CRISTOBAL-2020-3,2020-06-04 15:00:00,2020-06-08 15:00:00,44.158274196088300,30.0,30.71534429833290,32.518,-69.40918434977530,-91.8565,17.5816,-91.0575
AMANDA:CRISTOBAL-2020-3,2020-06-04 15:00:00,2020-06-09 15:00:00,44.40942820161580,25.0,35.831871424102800,39.2839,-63.21041375264530,-91.8657,17.5816,-91.0575
AMANDA:CRISTOBAL-2020-3,2020-06-04 18:00:00,2020-06-05 18:00:00,37.9259692132473,35.0,20.358788498870800,20.8,-83.13848521769050,-89.7,17.6000,-90.9000
AMANDA:CRISTOBAL-2020-3,2020-06-04 18:00:00,2020-06-06 18:00:00,37.405226826667800,45.0,22.455217864877000,24.7,-82.75482513785360,-90.2,17.6000,-90.9000
AMANDA:CRISTOBAL-2020-3,2020-06-04 18:00:00,2020-06-07 18:00:00,38.975322246551500,45.0,26.39017487079200,28.8667,-76.32397219836710,-89.8667,17.6000,-90.9000
AMANDA:CRISTOBAL-2020-3,2020-06-04 18:00:00,2020-06-08 18:00:00,39.776600897312200,30.0,31.498230210429400,33.1667,-69.38571280032400,-91.9667,17.6000,-90.9000
AMANDA:CRISTOBAL-2020-3,2020-06-04 18:00:00,2020-06-09 18:00:00,38.78026619553570,25.0,37.04830681556460,40.1,-62.97830394074320,-91.6,17.6000,-90.9000
AMANDA:CRISTOBAL-2020-3,2020-06-04 21:00:00,2020-06-05 21:00:00,36.57214164733890,37.0,20.34911269761620,21.5225,-83.15990832388400,-89.8168,17.5975,-90.6999
AMANDA:CRISTOBAL-2020-3,2020-06-04 21:00:00,2020-06-06 21:00:00,35.059190690517400,45.0,22.71785743046550,25.1825,-82.86553211569790,-90.1984,17.5975,-90.6999
AMANDA:CRISTOBAL-2020-3,2020-06-04 21:00:00,2020-06-07 21:00:00,35.307956635952000,45.0,27.16962236480120,29.3382,-76.28081675738100,-89.7716,17.5975,-90.6999
AMANDA:CRISTOBAL-2020-3,2020-06-04 21:00:00,2020-06-08 21:00:00,34.65762555599210,27.0,32.63067968297600,33.6157,-69.05497162282470,-91.9821,17.5975,-90.6999
AMANDA:CRISTOBAL-2020-3,2020-06-04 21:00:00,2020-06-09 21:00:00,33.46091955900190,27.0,38.47680171303750,41.3168,-62.16909507855770,-91.28300000000000,17.5975,-90.6999
AMANDA:CRISTOBAL-2020-3,2020-06-05 00:00:00,2020-06-06 00:00:00,36.85314327478410,40.0,20.939461489532100,22.2,-83.16298177361490,-90.0,17.7000,-90.5000
AMANDA:CRISTOBAL-2020-3,2020-06-05 00:00:00,2020-06-07 00:00:00,35.292759239673600,45.0,24.143016000649300,25.7,-82.3515690690279,-90.1667,17.7000,-90.5000
AMANDA:CRISTOBAL-2020-3,2020-06-05 00:00:00,2020-06-08 00:00:00,34.262149930000300,45.0,29.232428977137800,29.8,-75.0312757882476,-89.8,17.7000,-90.5000
AMANDA:CRISTOBAL-2020-3,2020-06-05 00:00:00,2020-06-09 00:00:00,32.9974365234375,25.0,35.23748907336000,34.1,-67.00175023376940,-92.0,17.7000,-90.5000
AMANDA:CRISTOBAL-2020-3,2020-06-05 00:00:00,2020-06-10 00:00:00,31.508288383483900,30.0,41.731286795473100,42.6,-59.8261751525104,-90.8,17.7000,-90.5000
AMANDA:CRISTOBAL-2020-3,2020-06-05 03:00:00,2020-06-06 03:00:00,38.02562490105630,40.0,21.965230453155900,22.7408,-83.22289363741880,-90.1109,17.9533,-90.3375
AMANDA:CRISTOBAL-2020-3,2020-06-05 03:00:00,2020-06-07 03:00:00,34.934777319431300,45.0,25.782181191441400,26.2392,-81.66064250051980,-90.1266,17.9533,-90.3375
AMANDA:CRISTOBAL-2020-3,2020-06-05 03:00:00,2020-06-08 03:00:00,32.093249559402500,40.0,31.294395528048300,30.0651,-73.48144559502600,-90.1208,17.9533,-90.3375
AMANDA:CRISTOBAL-2020-3,2020-06-05 03:00:00,2020-06-09 03:00:00,29.120478630065900,25.0,37.928212044036400,34.7653,-65.14043265998370,-92.2251,17.9533,-90.3375
AMANDA:CRISTOBAL-2020-3,2020-06-05 03:00:00,2020-06-10 03:00:00,25.46409845352170,30.0,44.835710460817800,43.7126,-58.11965160757300,-90.07800000000000,17.9533,-90.3375
AMANDA:CRISTOBAL-2020-3,2020-06-05 06:00:00,2020-06-06 06:00:00,36.751452684402500,40.0,22.811905224004400,23.1667,-83.14977441608910,-90.1667,18.3667,-90.2000
AMANDA:CRISTOBAL-2020-3,2020-06-05 06:00:00,2020-06-07 06:00:00,32.02726274728780,45.0,26.77433534989360,26.8333,-81.03080192267900,-90.0667,18.3667,-90.2000
AMANDA:CRISTOBAL-2020-3,2020-06-05 06:00:00,2020-06-08 06:00:00,27.694705724716200,35.0,32.668955370622900,30.4,-72.62933558136230,-90.6,18.3667,-90.2000
AMANDA:CRISTOBAL-2020-3,2020-06-05 06:00:00,2020-06-09 06:00:00,22.728123664856000,25.0,39.58256834561830,35.7,-64.48081274017690,-92.4,18.3667,-90.2000
AMANDA:CRISTOBAL-2020-3,2020-06-05 06:00:00,2020-06-10 06:00:00,17.904188632965100,30.0,46.57019617710110,44.7,-57.59907860338690,-89.2,18.3667,-90.2000
AMANDA:CRISTOBAL-2020-3,2020-06-05 09:00:00,2020-06-06 09:00:00,36.169330179691300,42.0,23.740097261035400,23.4883,-82.9196643871069,-90.1386,18.9050,-90.0807
AMANDA:CRISTOBAL-2020-3,2020-06-05 09:00:00,2020-06-07 09:00:00,30.756312310695600,45.0,28.187919157052000,27.5517,-80.62471099674700,-89.9786,18.9050,-90.0807
AMANDA:CRISTOBAL-2020-3,2020-06-05 09:00:00,2020-06-08 09:00:00,25.23206055164340,32.0,34.37094548857210,31.0429,-72.34011893868450,-91.131,18.9050,-90.0807
AMANDA:CRISTOBAL-2020-3,2020-06-05 09:00:00,2020-06-09 09:00:00,19.98200833797460,25.0,41.3311453144908,37.0617,-64.29966678380970,-92.3005,18.9050,-90.0807
AMANDA:CRISTOBAL-2020-3,2020-06-05 12:00:00,2020-06-06 12:00:00,36.06730252504350,45.0,25.490117502108200,23.8,-82.8651679480076,-90.1,19.5333,-89.9667
AMANDA:CRISTOBAL-2020-3,2020-06-05 12:00:00,2020-06-07 12:00:00,29.707846641540500,45.0,30.589546655434400,28.2,-80.46001301944260,-89.9,19.5333,-89.9667
AMANDA:CRISTOBAL-2020-3,2020-06-05 12:00:00,2020-06-08 12:00:00,23.8040292263031,30.0,36.85335344926120,31.8,-72.13082768589260,-91.6,19.5333,-89.9667
AMANDA:CRISTOBAL-2020-3,2020-06-05 12:00:00,2020-06-09 12:00:00,18.509894013404800,25.0,43.475234092485900,38.4333,-64.20458369866010,-92.0667,19.5333,-89.9667
AMANDA:CRISTOBAL-2020-3,2020-06-05 15:00:00,2020-06-06 15:00:00,36.522307991981500,45.0,27.387808096545900,24.2225,-82.95197485148910,-90.1473,20.1492,-89.7938
AMANDA:CRISTOBAL-2020-3,2020-06-05 15:00:00,2020-06-07 15:00:00,29.72029745578770,45.0,33.00463224899770,28.5658,-80.47355942964560,-89.8756,20.1492,-89.7938
AMANDA:CRISTOBAL-2020-3,2020-06-05 15:00:00,2020-06-08 15:00:00,23.187307119369500,30.0,39.19019898849730,32.518,-72.1803026920557,-91.8565,20.1492,-89.7938
AMANDA:CRISTOBAL-2020-3,2020-06-05 15:00:00,2020-06-09 15:00:00,17.654993534088100,25.0,45.386678748190400,39.2839,-64.37962592199450,-91.8657,20.1492,-89.7938
AMANDA:CRISTOBAL-2020-3,2020-06-05 18:00:00,2020-06-06 18:00:00,37.32867568731310,45.0,29.09963393369320,24.7,-82.98093246161940,-90.2,20.8000,-89.7000
AMANDA:CRISTOBAL-2020-3,2020-06-05 18:00:00,2020-06-07 18:00:00,30.105924904346500,45.0,35.023477202367800,28.8667,-80.44350617706780,-89.8667,20.8000,-89.7000
AMANDA:CRISTOBAL-2020-3,2020-06-05 18:00:00,2020-06-08 18:00:00,23.015390038490300,30.0,41.02702907719610,33.1667,-72.19948585301640,-91.9667,20.8000,-89.7000
AMANDA:CRISTOBAL-2020-3,2020-06-05 18:00:00,2020-06-09 18:00:00,17.434451580047600,25.0,46.79952983510500,40.1,-64.12195844486360,-91.6,20.8000,-89.7000
AMANDA:CRISTOBAL-2020-3,2020-06-05 21:00:00,2020-06-06 21:00:00,38.22096839547160,45.0,30.44756382905840,25.1825,-83.06399094939230,-90.1984,21.5225,-89.8168
AMANDA:CRISTOBAL-2020-3,2020-06-05 21:00:00,2020-06-07 21:00:00,30.875500738620800,45.0,36.447652006173100,29.3382,-80.49461522877220,-89.7716,21.5225,-89.8168
AMANDA:CRISTOBAL-2020-3,2020-06-05 21:00:00,2020-06-08 21:00:00,23.882685899734500,27.0,42.13078578503130,33.6157,-71.93091375112530,-91.9821,21.5225,-89.8168
AMANDA:CRISTOBAL-2020-3,2020-06-05 21:00:00,2020-06-09 21:00:00,18.152310848236100,27.0,47.6290438233614,41.3168,-63.915961967855700,-91.28300000000000,21.5225,-89.8168
AMANDA:CRISTOBAL-2020-3,2020-06-06 00:00:00,2020-06-07 00:00:00,39.361269772052800,45.0,31.328689480102100,25.7,-83.11277372300630,-90.1667,22.2000,-90.0000
AMANDA:CRISTOBAL-2020-3,2020-06-06 00:00:00,2020-06-08 00:00:00,32.51879632472990,45.0,37.44852919135090,29.8,-80.05640847980980,-89.8,22.2000,-90.0000
AMANDA:CRISTOBAL-2020-3,2020-06-06 00:00:00,2020-06-09 00:00:00,25.621976852417000,25.0,43.295515395712900,34.1,-71.26969510376450,-92.0,22.2000,-90.0000
AMANDA:CRISTOBAL-2020-3,2020-06-06 00:00:00,2020-06-10 00:00:00,19.83242154121400,30.0,48.81677556042670,42.6,-63.289178358018400,-90.8,22.2000,-90.0000
AMANDA:CRISTOBAL-2020-3,2020-06-06 03:00:00,2020-06-07 03:00:00,41.03945106267930,45.0,31.83282667647000,26.2392,-83.09971705555920,-90.1266,22.7408,-90.1109
AMANDA:CRISTOBAL-2020-3,2020-06-06 03:00:00,2020-06-08 03:00:00,34.446302354335800,40.0,38.16932367436890,30.0651,-79.75287157058720,-90.1208,22.7408,-90.1109
AMANDA:CRISTOBAL-2020-3,2020-06-06 03:00:00,2020-06-09 03:00:00,27.262914776802100,25.0,44.07133390214440,34.7653,-70.85727519452570,-92.2251,22.7408,-90.1109
AMANDA:CRISTOBAL-2020-3,2020-06-06 03:00:00,2020-06-10 03:00:00,21.638123989105200,30.0,49.60461316792970,43.7126,-61.93974948778750,-90.07800000000000,22.7408,-90.1109
AMANDA:CRISTOBAL-2020-3,2020-06-06 06:00:00,2020-06-07 06:00:00,41.81090757250790,45.0,32.1378887607038,26.8333,-83.45012171864510,-90.0667,23.1667,-90.1667
AMANDA:CRISTOBAL-2020-3,2020-06-06 06:00:00,2020-06-08 06:00:00,35.27649164199830,35.0,38.42941135891680,30.4,-80.20502656996250,-90.6,23.1667,-90.1667
AMANDA:CRISTOBAL-2020-3,2020-06-06 06:00:00,2020-06-09 06:00:00,28.20602774620060,25.0,44.21401833537820,35.7,-70.51305039435630,-92.4,23.1667,-90.1667
AMANDA:CRISTOBAL-2020-3,2020-06-06 06:00:00,2020-06-10 06:00:00,21.349246501922600,30.0,49.848719461679500,44.7,-61.29168953761460,-89.2,23.1667,-90.1667
AMANDA:CRISTOBAL-2020-3,2020-06-06 09:00:00,2020-06-07 09:00:00,42.045789286494300,45.0,32.168143417400100,27.5517,-83.88695656001570,-89.9786,23.4883,-90.1386
AMANDA:CRISTOBAL-2020-3,2020-06-06 09:00:00,2020-06-08 09:00:00,35.85733205080030,32.0,38.28073604317900,31.0429,-80.17998376250270,-91.131,23.4883,-90.1386
AMANDA:CRISTOBAL-2020-3,2020-06-06 09:00:00,2020-06-09 09:00:00,27.637367248535200,25.0,44.129702614569700,37.0617,-70.27113160014150,-92.3005,23.4883,-90.1386
AMANDA:CRISTOBAL-2020-3,2020-06-06 12:00:00,2020-06-07 12:00:00,43.93180802464490,45.0,31.818095265960700,28.2,-83.81943484723570,-89.9,23.8000,-90.1000
AMANDA:CRISTOBAL-2020-3,2020-06-06 12:00:00,2020-06-08 12:00:00,36.62842869758610,30.0,37.82813428180220,31.8,-79.86403689742090,-91.6,23.8000,-90.1000
AMANDA:CRISTOBAL-2020-3,2020-06-06 12:00:00,2020-06-09 12:00:00,28.97421419620510,25.0,43.58449497064350,38.4333,-69.76247409999370,-92.0667,23.8000,-90.1000
AMANDA:CRISTOBAL-2020-3,2020-06-06 15:00:00,2020-06-07 15:00:00,43.03094543516640,45.0,31.149395481050000,28.5658,-83.7528800624609,-89.8756,24.2225,-90.1473
AMANDA:CRISTOBAL-2020-3,2020-06-06 15:00:00,2020-06-08 15:00:00,36.61645621061330,30.0,36.380156181919600,32.518,-80.13490545332430,-91.8565,24.2225,-90.1473
AMANDA:CRISTOBAL-2020-3,2020-06-06 15:00:00,2020-06-09 15:00:00,30.778411030769300,25.0,41.985711843740900,39.2839,-69.83034271389250,-91.8657,24.2225,-90.1473
AMANDA:CRISTOBAL-2020-3,2020-06-06 18:00:00,2020-06-07 18:00:00,44.32079549878840,45.0,30.917246839433900,28.8667,-83.685148011446,-89.8667,24.7000,-90.2000
AMANDA:CRISTOBAL-2020-3,2020-06-06 18:00:00,2020-06-08 18:00:00,39.759631901979400,30.0,35.99595720000270,33.1667,-79.76543535590170,-91.9667,24.7000,-90.2000
AMANDA:CRISTOBAL-2020-3,2020-06-06 18:00:00,2020-06-09 18:00:00,34.48349565267560,25.0,41.765391733706,40.1,-69.25718986004590,-91.6,24.7000,-90.2000
AMANDA:CRISTOBAL-2020-3,2020-06-06 21:00:00,2020-06-07 21:00:00,46.81743521243330,45.0,31.16799272978900,29.3382,-83.5254604792595,-89.7716,25.1825,-90.1984
AMANDA:CRISTOBAL-2020-3,2020-06-06 21:00:00,2020-06-08 21:00:00,43.0903210490942,27.0,36.361999965429300,33.6157,-79.43552768290040,-91.9821,25.1825,-90.1984
AMANDA:CRISTOBAL-2020-3,2020-06-06 21:00:00,2020-06-09 21:00:00,36.9143146276474,27.0,42.11103189616200,41.3168,-69.39406825125220,-91.28300000000000,25.1825,-90.1984
AMANDA:CRISTOBAL-2020-3,2020-06-07 00:00:00,2020-06-08 00:00:00,47.11947351694110,45.0,31.739649863284800,29.8,-83.53626621365550,-89.8,25.7000,-90.1667
AMANDA:CRISTOBAL-2020-3,2020-06-07 00:00:00,2020-06-09 00:00:00,42.322610691189800,25.0,36.97193278657200,34.1,-79.75957413971430,-92.0,25.7000,-90.1667
AMANDA:CRISTOBAL-2020-3,2020-06-07 00:00:00,2020-06-10 00:00:00,36.204361617565200,30.0,42.346054636824100,42.6,-69.68045160651210,-90.8,25.7000,-90.1667
AMANDA:CRISTOBAL-2020-3,2020-06-07 03:00:00,2020-06-08 03:00:00,44.22267224639650,40.0,32.53200980146530,30.0651,-83.60876383841040,-90.1208,26.2392,-90.1266
AMANDA:CRISTOBAL-2020-3,2020-06-07 03:00:00,2020-06-09 03:00:00,39.018580466508900,25.0,37.46682852941750,34.7653,-79.99522516846660,-92.2251,26.2392,-90.1266
AMANDA:CRISTOBAL-2020-3,2020-06-07 03:00:00,2020-06-10 03:00:00,33.338963091373400,30.0,42.48989182101490,43.7126,-69.86628072798250,-90.07800000000000,26.2392,-90.1266
AMANDA:CRISTOBAL-2020-3,2020-06-07 06:00:00,2020-06-08 06:00:00,44.171767607331300,35.0,33.322231472182300,30.4,-83.39045472621920,-90.6,26.8333,-90.0667
AMANDA:CRISTOBAL-2020-3,2020-06-07 06:00:00,2020-06-09 06:00:00,39.10061404109000,25.0,38.318800159800100,35.7,-79.42567631900310,-92.4,26.8333,-90.0667
AMANDA:CRISTOBAL-2020-3,2020-06-07 06:00:00,2020-06-10 06:00:00,33.58650863170620,30.0,43.507417779123800,44.7,-68.90450600951910,-89.2,26.8333,-90.0667
AMANDA:CRISTOBAL-2020-3,2020-06-07 09:00:00,2020-06-08 09:00:00,44.47547100484370,32.0,34.10560430877210,31.0429,-82.92494795799260,-91.131,27.5517,-89.9786
AMANDA:CRISTOBAL-2020-3,2020-06-07 09:00:00,2020-06-09 09:00:00,39.38498631119730,25.0,39.33288653306960,37.0617,-78.52687121719120,-92.3005,27.5517,-89.9786
AMANDA:CRISTOBAL-2020-3,2020-06-07 12:00:00,2020-06-08 12:00:00,44.82472454197710,30.0,35.035244285011300,31.8,-82.44487134277820,-91.6,28.2000,-89.9000
AMANDA:CRISTOBAL-2020-3,2020-06-07 12:00:00,2020-06-09 12:00:00,39.03529733419420,25.0,40.39022362443210,38.4333,-78.04904239565140,-92.0667,28.2000,-89.9000
AMANDA:CRISTOBAL-2020-3,2020-06-07 15:00:00,2020-06-08 15:00:00,45.308937476947900,30.0,35.61957234501840,32.518,-82.51975489377980,-91.8565,28.5658,-89.8756
AMANDA:CRISTOBAL-2020-3,2020-06-07 15:00:00,2020-06-09 15:00:00,40.04611998796460,25.0,41.05778465940950,39.2839,-78.19343645453450,-91.8657,28.5658,-89.8756
AMANDA:CRISTOBAL-2020-3,2020-06-07 18:00:00,2020-06-08 18:00:00,45.71875758469110,30.0,36.12000938193800,33.1667,-82.60919573426250,-91.9667,28.8667,-89.8667
AMANDA:CRISTOBAL-2020-3,2020-06-07 18:00:00,2020-06-09 18:00:00,40.875374525785400,25.0,41.62362203402520,40.1,-78.38602779328820,-91.6,28.8667,-89.8667
AMANDA:CRISTOBAL-2020-3,2020-06-07 21:00:00,2020-06-08 21:00:00,45.7908583804965,27.0,36.57405791577100,33.6157,-82.61873316049580,-91.9821,29.3382,-89.7716
AMANDA:CRISTOBAL-2020-3,2020-06-07 21:00:00,2020-06-09 21:00:00,41.10476016998290,27.0,41.42426923491960,41.3168,-78.40556256443260,-91.28300000000000,29.3382,-89.7716
AMANDA:CRISTOBAL-2020-3,2020-06-08 00:00:00,2020-06-09 00:00:00,46.21086951345210,25.0,35.88316495251660,34.1,-82.88215197563170,-92.0,29.8000,-89.8000
AMANDA:CRISTOBAL-2020-3,2020-06-08 00:00:00,2020-06-10 00:00:00,42.4023163318634,30.0,39.9502087834239,42.6,-78.58274427294730,-90.8,29.8000,-89.8000
AMANDA:CRISTOBAL-2020-3,2020-06-08 03:00:00,2020-06-09 03:00:00,46.2456963211298,25.0,34.46271286536460,34.7653,-83.36533343434330,-92.2251,30.0651,-90.1208
AMANDA:CRISTOBAL-2020-3,2020-06-08 03:00:00,2020-06-10 03:00:00,44.0930737182498,30.0,38.42152411552670,43.7126,-79.37264596879480,-90.07800000000000,30.0651,-90.1208
AMANDA:CRISTOBAL-2020-3,2020-06-08 06:00:00,2020-06-09 06:00:00,44.88295138813560,25.0,34.280305972027800,35.7,-83.61211983203890,-92.4,30.4000,-90.6000
AMANDA:CRISTOBAL-2020-3,2020-06-08 06:00:00,2020-06-10 06:00:00,43.34637064486740,30.0,38.53229554858210,44.7,-79.81357455730440,-89.2,30.4000,-90.6000
AMANDA:CRISTOBAL-2020-3,2020-06-08 09:00:00,2020-06-09 09:00:00,43.32889627665280,25.0,35.099099843084800,37.0617,-83.6223196667433,-92.3005,31.0429,-91.1310
AMANDA:CRISTOBAL-2020-3,2020-06-08 12:00:00,2020-06-09 12:00:00,41.45911864936350,25.0,34.90009395823480,38.4333,-84.1660848158598,-92.0667,31.8000,-91.6000
AMANDA:CRISTOBAL-2020-3,2020-06-08 15:00:00,2020-06-09 15:00:00,38.34819629788400,25.0,33.83449315150980,39.2839,-85.48734170496470,-91.8657,32.5180,-91.8565
AMANDA:CRISTOBAL-2020-3,2020-06-08 18:00:00,2020-06-09 18:00:00,38.03992420434950,25.0,35.29605535578730,40.1,-86.14288435935980,-91.6,33.1667,-91.9667
AMANDA:CRISTOBAL-2020-3,2020-06-08 21:00:00,2020-06-09 21:00:00,38.65140974521640,27.0,37.56215527758600,41.3168,-86.27733444273470,-91.28300000000000,33.6157,-91.9821
AMANDA:CRISTOBAL-2020-3,2020-06-09 00:00:00,2020-06-10 00:00:00,39.27369341254230,30.0,38.42613823069330,42.6,-86.10277568340300,-90.8,34.1000,-92.0000
AMANDA:CRISTOBAL-2020-3,2020-06-09 03:00:00,2020-06-10 03:00:00,41.23092368245130,30.0,38.68874609951970,43.7126,-85.6766272801161,-90.07800000000000,34.7653,-92.2251
AMANDA:CRISTOBAL-2020-3,2020-06-09 06:00:00,2020-06-10 06:00:00,41.160995811224000,30.0,38.76073780807260,44.7,-85.22530421555040,-89.2,35.7000,-92.4000
end,end,end,end,end,end,end,end,end,end,end